TimeSinceMark,CurrentStage,AltitudeASL,DownRange,SpeedSurface,SpeedOrbital,Acceleration,Q,AoA,AltitudeTrue,Pitch,Mass,GravityLosses,DragLosses,SteeringLosses,DeltaVExpended
341.737248983234,1,18000.8726721194,131335.357910667,61.7839324615994,84.4518097049749,0,0,0,1800.08726721194,3.84514770507813,0,1328.51182774655,NaN,NaN,NaN
341.957248978317,1,180016.260270934,131439.444024508,617.769294560572,844.466272258102,0,0,0,129609.576090051,38.4595306396484,9.63301839789347,1328.59921928667,NaN,NaN,NaN
342.177248973399,1,180028.851562033,131543.525522826,617.652387590044,844.37976555114,0,0,0,180023.723717428,38.4731475830078,9.63301839789347,1328.6849885758,NaN,NaN,NaN
342.397248968482,1,180041.199656351,131647.597620289,617.537664971631,844.294881264694,0,0,0,180036.16871779,38.4867553710938,9.63301839789347,1328.76913531274,NaN,NaN,NaN
342.617248963565,1,180053.310875663,131751.670195354,617.425126030146,844.211619686571,0,0,0,180048.376842255,38.5003631591797,9.63301839789347,1328.85165921212,NaN,NaN,NaN
342.837248958647,1,180065.185211225,131855.738403254,617.314771694201,844.129981099221,0,0,0,180060.348082875,38.51396484375,9.63301839789347,1328.93255999395,NaN,NaN,NaN
343.05724895373,1,180076.620925918,131946.8993438,617.208535418268,844.051396461703,0,0,0,180072.051867692,38.5273406982422,9.63301839789347,1329.01186423089,NaN,NaN,NaN
343.277248948812,1,180087.259727264,132050.948481636,617.110148563087,843.978633572832,0.50301230407068,0,0,180082.809698275,38.5399810791016,9.63301839789347,1329.08966569178,NaN,NaN,NaN
343.497248943895,1,180098.445034086,132155.009612629,617.006154488536,843.901717988704,0.177521682720161,0,0,180093.889780098,38.5535614013672,9.63301839789347,1329.16584325098,NaN,NaN,NaN
343.717248938978,1,180109.393490993,132259.071521216,616.904348496272,843.826426483834,0.000122375965988568,0,0,180104.935129622,38.5671325683594,9.63301839789347,1329.24039664943,NaN,NaN,NaN
343.93724893406,1,180120.105104164,132363.122988713,616.804731474101,843.752759361939,0.000122357770776042,0,0,180115.74363289,38.5807006835937,9.63301839789347,1329.31332563366,NaN,NaN,NaN
344.157248929143,1,180130.579879446,132467.159701654,616.707304120026,843.680716745253,0.000122274766765744,0,0,180126.315295893,38.5942718505859,9.63301839789347,1329.38462995596,NaN,NaN,NaN
344.377248924226,1,180140.817822639,132571.208953993,616.612067217856,843.610298872417,0.000122209548427291,0,0,180136.650124453,38.6078460693359,9.63301839789347,1329.45430937315,NaN,NaN,NaN
344.597248919308,1,180150.818939282,132675.248174886,616.51902156536,843.541505989807,0.000122168435441546,0,0,180146.74812421,38.6214294433594,9.63301839789347,1329.52236364774,NaN,NaN,NaN
344.817248914391,1,180160.583234934,132779.273087125,616.42816799829,843.474338395292,0.000122132320178981,0,0,180156.609300681,38.6350006103516,9.63301839789347,1329.58879254802,NaN,NaN,NaN
345.037248909473,1,180170.110715034,132883.299600352,616.339507201827,843.408796252893,0.000122097010573857,0,0,180166.233659417,38.6485870361328,9.63301839789347,1329.65359584762,NaN,NaN,NaN
345.257248904556,1,180179.401384797,132987.316490937,616.253040066107,843.344879947809,0.000122082212031974,0,0,180175.621205691,38.6621612548828,9.63301839789347,1329.71677332535,NaN,NaN,NaN
345.477248899639,1,180188.455249219,133091.346595839,616.168767064837,843.282589453818,0.000122021204011594,0,0,180184.771944586,38.675732421875,9.63301839789347,1329.77832476549,NaN,NaN,NaN
345.697248894721,1,180197.272313414,133195.378692075,616.08668918767,843.221925272946,0.000122046157805865,0,0,180193.685881179,38.6893005371094,9.63301839789347,1329.83824995814,NaN,NaN,NaN
345.917248889804,1,180205.852582136,133299.385850579,616.006807053996,843.162887552388,0.000122053083995223,0,0,180202.363020369,38.7028717041016,9.63301839789347,1329.89654869867,NaN,NaN,NaN
346.137248884887,1,180214.196060191,133403.406637614,615.929121099416,843.105476265684,0.000121958719223448,0,0,180210.803366909,38.7164428710937,9.63301839789347,1329.95322078813,NaN,NaN,NaN
346.357248879969,1,180222.302752111,133507.418470813,615.853632137905,843.049691778698,0.000121910016399822,0,0,180219.006925502,38.7300018310547,9.63301839789347,1330.00826603306,NaN,NaN,NaN
346.577248875052,1,180230.172662426,133611.417165872,615.780340708557,842.995534196072,0.000121885060145134,0,0,180226.973700633,38.7435668945312,9.63301839789347,1330.06168424536,NaN,NaN,NaN
346.797248870134,1,180237.805795457,133715.434204354,615.709247499023,842.943003781303,0.000121854723271398,0,0,180234.703696727,38.7571350097656,9.63301839789347,1330.1134752425,NaN,NaN,NaN
347.017248865217,1,180245.202155417,133819.427026396,615.64035288544,842.892100502983,0.000121792302690736,0,0,180242.196918044,38.7706970214844,9.63301839789347,1330.16363884709,NaN,NaN,NaN
347.2372488603,1,180252.361746288,133923.418514752,615.573657911073,842.842825002424,0.000121839100156563,0,0,180249.45336865,38.7842712402344,9.63301839789347,1330.21217488759,NaN,NaN,NaN
347.457248855382,1,180259.284572172,134027.428725766,615.509162647573,842.795176961085,0.000121749336428174,0,0,180256.473052589,38.7978454589844,9.63301839789347,1330.25908319844,NaN,NaN,NaN
347.677248850465,1,180265.970636839,134131.415162702,615.446867899517,842.749156819815,0.000121710459270965,0,0,180263.255973803,38.8113983154297,9.63301839789347,1330.30436361862,NaN,NaN,NaN
347.897248845547,1,180272.41994389,134235.404953874,615.386773735653,842.704764282739,0.000121644820648544,0,0,180269.80213593,38.8249542236328,9.63301839789347,1330.34801599285,NaN,NaN,NaN
348.11724884063,1,180278.632496895,134339.398230055,615.328881293382,842.662000131814,0.000121672819464194,0,0,180276.111542544,38.8385101318359,9.63301839789347,1330.39004017232,NaN,NaN,NaN
348.337248835713,1,180284.608299297,134443.395121031,615.273190853651,842.620864321819,0.000121637780934755,0,0,180282.184197198,38.8520660400391,9.63301839789347,1330.43043601267,NaN,NaN,NaN
348.557248830795,1,180290.347354415,134547.368818608,615.219702820986,842.581356928499,0.00012160855260039,0,0,180288.020103185,38.865625,9.63301839789347,1330.4692033756,NaN,NaN,NaN
348.777248825878,1,180295.849665375,134651.357778237,615.168417711534,842.543478159503,0.000121628102905082,0,0,180293.619263753,38.8791900634766,9.63301839789347,1330.50634212826,NaN,NaN,NaN
348.997248820961,1,180301.115235242,134755.339396629,615.119335694292,842.507227884602,0.000121562196919981,0,0,180298.98168201,38.8927520751953,9.63301839789347,1330.54185214346,NaN,NaN,NaN
349.217248816043,1,180306.144066784,134859.309630812,615.072457679574,842.472606730342,0.000121651575588982,0,0,180304.107360794,38.9063262939453,9.63301839789347,1330.57573329938,NaN,NaN,NaN
349.437248811126,1,180310.936162953,134963.297056298,615.027783593329,842.439614348408,0.000121587785827422,0,0,180308.996303006,38.7021514892578,9.63301839789347,1330.60798548,NaN,NaN,NaN
349.657248806208,1,180315.491526397,135067.264035839,614.985313903126,842.408250946262,0.000121573564236632,0,0,180313.648511436,36.0048706054688,9.63301839789347,1330.63860857499,NaN,NaN,NaN
349.877248801291,1,180319.810159569,135171.242609129,614.945048930731,842.378516602154,0.000121171149637814,0,0,180318.063988597,28.8166290283203,9.63301839789347,1330.66760247892,NaN,NaN,NaN
350.097248796374,1,180323.892064956,135275.23154972,614.906987613068,842.35041001089,0.00012102860705931,0,0,180322.242736972,18.5664031982422,9.63301839789347,1330.69496709345,NaN,NaN,NaN
350.317248791456,1,180327.737244736,135379.193353575,614.871133533834,842.323934543977,0.000121514128285196,0,0,180326.184758848,10.3602203369141,9.63301839789347,1330.72070232405,NaN,NaN,NaN
350.537248786539,1,180331.345701193,135483.157039528,614.837485107409,842.299088399336,0.000121466706354819,0,0,180329.89005648,5.93737182617187,9.63301839789347,1330.74480808337,NaN,NaN,NaN
350.757248781621,1,180334.717436149,135587.14342298,614.806042645299,842.275871703724,0.000121435885306789,0,0,180333.358631904,3.44886474609375,9.63301839789347,1330.76728428723,NaN,NaN,NaN
350.977248776704,1,180337.852802688,135691.189377961,615.296001574855,842.773486924125,0.529600901394473,0,0,180336.59054956,1.514599609375,9.62719144782022,1330.78813123643,NaN,NaN,NaN
351.197248771787,1,180340.759188729,135796.038755558,620.204440621958,847.689214057187,1.98725408725005,0,0,180339.589788145,-0.255598558485508,9.61116733511881,1330.80731235955,NaN,NaN,NaN
351.417248766869,1,180343.424901736,135901.851641935,625.898857412029,853.391015422116,2.6525112683608,0,0,180342.357086357,-2.5017279624939,9.59514322241739,1330.82461704212,NaN,NaN,NaN
351.637248761952,1,180345.799649338,136008.620137522,631.589550876957,859.089362626876,2.65667441749582,0,0,180344.856122494,-4.91230354309082,9.57911910971598,1330.8396732259,NaN,NaN,NaN
351.857248757035,1,180347.823809886,136116.374370055,637.26853652842,864.775695039742,2.661530577288,0,0,180347.028478925,-6.64011015892029,9.56309499701456,1330.85213420612,NaN,NaN,NaN
352.077248752117,1,180349.45464068,136225.063320428,642.944813349248,870.458189210538,2.66643173742207,0,0,180348.822658821,-7.08586444854736,9.54707088431314,1330.8618265788,NaN,NaN,NaN
352.2972487472,1,180350.681380462,136334.744826262,648.639991515264,876.157914483283,2.67083529548373,0,0,180350.214066146,-6.11263880729675,9.53104677161173,1330.86881146842,NaN,NaN,NaN
352.517248742282,1,180351.528144825,136445.39724428,654.370962208099,881.8917175141,2.67485181483536,0,0,180351.212782988,-4.01711971759796,9.51502265891031,1330.87336797043,NaN,NaN,NaN
352.737248737365,1,180352.046581163,136557.017692676,660.137466028822,887.659691571924,2.67900902671937,0,0,180351.860216659,-1.39413860142231,9.4989985462089,1330.87591628132,NaN,NaN,NaN
352.957248732448,1,180352.301172214,136669.618413124,665.925502122723,893.448325754868,2.68364367226409,0,0,180352.217069525,1.07562866210937,9.48297443350748,1330.87690661293,NaN,NaN,NaN
353.17724872753,1,180352.352288231,136783.194975434,671.721225688658,899.244174211899,2.68860301380545,0,0,180352.346797235,2.83550109863281,9.46695032080606,1330.87671267246,NaN,NaN,NaN
353.397248722613,1,180352.242503024,136897.754801556,677.520907579166,905.043725619011,2.69350368619103,0,0,180352.300181443,3.58395690917969,9.45092620810465,1330.87556107354,NaN,NaN,NaN
353.617248717695,1,180351.989475517,137013.305291159,683.329819962943,910.852306634073,2.69813115282824,0,0,180352.105369477,3.30745239257813,9.43490209540323,1330.87350869998,NaN,NaN,NaN
353.837248712778,1,180351.585899414,137129.824101924,689.15452377397,916.67641788169,2.70256109201847,0,0,180351.764989859,2.23946533203125,9.41887798270182,1330.87046337263,NaN,NaN,NaN
354.057248707861,1,180351.005300572,137247.34979225,694.996772712486,922.517681285913,2.70701536060356,0,0,180351.259695686,0.77685546875,9.4028538700004,1330.86623645746,NaN,NaN,NaN
354.277248702943,1,180350.211823601,137365.848093314,700.853571746103,928.372947794277,2.71165155254928,0,0,180350.556516116,-0.639142790436745,9.38682975729898,1330.86061257431,NaN,NaN,NaN
354.497248698026,1,180349.171165063,137485.349567329,706.721432896592,934.238618206557,2.71642692349698,0,0,180349.61960748,-1.64500771760941,9.37080564459757,1330.85341581398,NaN,NaN,NaN
354.717248693109,1,180347.859504259,137605.846402868,712.599751729761,940.114081238396,2.72120124580094,0,0,180348.420243578,-2.03686722517014,9.35478153189615,1330.84455495685,NaN,NaN,NaN
354.937248688191,1,180346.268383852,137727.315975773,718.490342898054,946.001272172967,2.72588187053711,0,0,180346.943462509,-1.795667552948,9.33875741919474,1330.83403976515,NaN,NaN,NaN
355.157248683274,1,180344.405020578,137849.811853727,724.394706999151,951.901905598046,2.7304954029057,0,0,180345.190230952,-1.06398483514786,9.32273330649332,1330.82196967663,NaN,NaN,NaN
355.377248678356,1,180342.288691956,137973.281063218,730.312093638491,957.815459862383,2.73513229855206,0,0,180343.175346779,-0.0905580151826143,9.3067091937919,1330.80850173539,NaN,NaN,NaN
355.597248673439,1,180339.944506041,138097.765630917,736.240125532132,963.739715742932,2.739853294197,0,0,180340.922138891,0.846826171875,9.29068508109049,1330.79380790485,NaN,NaN,NaN
355.817248668522,1,180337.396452525,138223.254202131,742.176962762571,969.672871120879,2.74464164830038,0,0,180338.45563056,1.51816101074219,9.27466096838907,1330.77803451776,NaN,NaN,NaN
356.037248663604,1,180334.661697497,138349.731635636,748.12278701454,975.615027875442,2.74943773486711,0,0,180335.79617583,1.79368896484375,9.25863685568766,1330.76127435749,NaN,NaN,NaN
356.257248658687,1,180331.747431417,138477.228433392,754.079463731838,981.567895914868,2.75420460996318,0,0,180332.955189168,1.66175231933594,9.24261274298624,1330.74355647402,NaN,NaN,NaN
356.477248653769,1,180328.650666186,138605.725841747,760.049039763431,987.533347427595,2.75895320121092,0,0,180329.933740161,1.21493225097656,9.22658863028482,1330.72485329898,NaN,NaN,NaN
356.697248648852,1,180325.360607826,138735.239256763,766.032490403455,993.512217001439,2.76372291216408,0,0,180326.723930431,0.613800048828125,9.21056451758341,1330.70510085194,NaN,NaN,NaN
356.917248643935,1,180321.862717157,138865.753711628,772.029587254619,999.504208580296,2.76853670280198,0,0,180323.312359337,0.0372044190764427,9.19454040488199,1330.68422543001,NaN,NaN,NaN
357.137248639017,1,180318.143220622,138997.295886753,778.039579772656,1005.50859452955,2.77338764520158,0,0,180319.684566104,-0.366563127934933,9.17851629218058,1330.6621689851,NaN,NaN,NaN
357.3572486341,1,180314.192821317,139129.850788858,784.061859131919,1011.52487242665,2.77825406281709,0,0,180315.829163668,-0.513638824224472,9.16249217947916,1330.63890672044,NaN,NaN,NaN
357.577248629183,1,180310.008764801,139263.41859541,790.0960287907,1017.55280632393,2.78311673210203,0,0,180311.740626737,-0.396651244163513,9.14646806677774,1330.61445361866,NaN,NaN,NaN
357.797248624265,1,180305.5949737,139398.010917204,796.141624458627,1023.59210284611,2.78798238943052,0,0,180307.420216646,-0.0761014137417078,9.13044395407633,1330.58885995364,NaN,NaN,NaN
358.017248619348,1,180300.960480147,139533.60514492,802.197991837642,1029.64224278916,2.79286901408796,0,0,180302.875071669,0.34356689453125,9.11441984137491,1330.56219844649,NaN,NaN,NaN
358.23724861443,1,180296.116756189,139670.254389972,808.264488998904,1035.70264949714,2.7977839372549,0,0,180298.115923695,0.746282958984375,9.09839572867349,1330.53454737936,NaN,NaN,NaN
358.457248609513,1,180291.074760619,139807.890803954,814.340927781928,1041.77311963101,2.80272249287502,0,0,180293.154186266,1.03585510253906,9.08237161597208,1330.50597458069,NaN,NaN,NaN
358.677248604596,1,180285.842508061,139946.582507647,820.427764653968,1047.85402823329,2.8076762295322,0,0,180287.999248149,1.15792236328125,9.06634750327066,1330.47652631132,NaN,NaN,NaN
358.897248599678,1,180280.423714635,140086.288178227,826.525915340619,1053.94617467338,2.81264246292599,0,0,180282.65664562,1.10802307128906,9.05032339056925,1330.44622315493,NaN,NaN,NaN
359.117248594761,1,180274.817717609,140227.049443083,832.636297354441,1060.05036214057,2.81762129187388,0,0,180277.127460168,0.925979614257813,9.03429927786783,1330.41506292042,NaN,NaN,NaN
359.337248589844,1,180269.020515916,140368.810062953,838.75948189802,1066.16708153317,2.82261767828968,0,0,180271.408926454,0.680169677734375,9.01827516516641,1330.38302883319,NaN,NaN,NaN
359.557248584926,1,180263.02653537,140511.626622525,844.895565434958,1072.29640300072,2.8276343850958,0,0,180265.495943522,0.4463623046875,9.002251052465,1330.35010028898,NaN,NaN,NaN
359.777248580009,1,180256.830573731,140655.480739949,851.04431124417,1078.43812114808,2.83267337451308,0,0,180259.382995941,0.287283325195313,8.98622693976358,1330.31626303334,NaN,NaN,NaN
359.997248575091,1,180250.429401626,140800.361198314,857.205302092672,1084.59189608159,2.83773065486944,0,0,180253.065935399,0.238278198242187,8.97020282706217,1330.28151625208,NaN,NaN,NaN
360.217248570174,1,180243.822653289,140946.283132451,863.3780652954,1090.75735571318,2.84280255695609,0,0,180246.543184301,0.302023315429688,8.95417871436075,1330.24587518989,NaN,NaN,NaN
360.437248565257,1,180237.012875791,141093.243211112,869.562129995198,1096.93412623202,2.84789007259039,0,0,180239.816129679,0.452188110351562,8.93815460165933,1330.20936928796,NaN,NaN,NaN
360.657248560339,1,180230.00483316,141241.271452972,875.757109049443,1103.12189021924,2.85299493132227,0,0,180232.888715257,0.643795776367188,8.92213048895792,1330.172036916,NaN,NaN,NaN
360.877248555422,1,180222.80433531,141390.323313978,881.962797283434,1109.3204704971,2.85812044179728,0,0,180225.766435859,0.82716064453125,8.9061063762565,1330.13391849555,NaN,NaN,NaN
361.097248550504,1,180215.4169488,141540.443671342,888.179276130558,1115.5299330352,2.86326846317782,0,0,180218.45506428,0.961270141601563,8.89008226355509,1330.09504999,NaN,NaN,NaN
361.317248545587,1,180207.846940044,141691.591502214,894.406875289474,1121.75055888209,2.86843267480896,0,0,180210.9594724,1.02307739257812,8.87405815085367,1330.05545840032,NaN,NaN,NaN
361.53724854067,1,180200.096689384,141843.804723417,900.64608410166,1127.98277335295,2.87361385523338,0,0,180203.282838615,1.01105041503906,8.85803403815225,1330.01516011111,NaN,NaN,NaN
361.757248535752,1,180192.166662781,141997.072088226,906.897380803722,1134.22699501699,2.87881328275087,0,0,180195.426390628,0.942666625976562,8.84200992545084,1329.97416211142,NaN,NaN,NaN
361.977248530835,1,180184.055878674,142151.393777195,913.161082584435,1140.48350208033,2.88403260893464,0,0,180187.389681131,0.847561645507813,8.82598581274942,1329.93246539748,NaN,NaN,NaN
362.197248525918,1,180175.76268823,142306.76659799,919.437286772506,1146.75238259564,2.88927085219007,0,0,180179.171259396,0.758425903320312,8.80996170004801,1329.89006939186,NaN,NaN,NaN
362.417248521,1,180167.28563008,142463.205564755,925.725886506462,1153.03355042391,2.89452641688657,0,0,180170.769516663,0.702142333984375,8.79393758734659,1329.8469761186,NaN,NaN,NaN
362.637248516083,1,180158.624130459,142620.710857817,932.026662083659,1159.32682898746,2.89980515308043,0,0,180162.183467375,0.693728637695312,8.77791347464517,1329.80319309493,NaN,NaN,NaN
362.857248511165,1,180149.778890299,142779.294093684,938.339313254522,1165.63197103328,2.90510111393029,0,0,180153.413273518,0.7341064453125,8.76188936194376,1329.75873439573,NaN,NaN,NaN
363.077248506248,1,180140.751901274,142938.917838671,944.663570480552,1171.94875599836,2.91041655656864,0,0,180144.460413395,0.8115966796875,8.74586524924234,1329.71361985364,NaN,NaN,NaN
363.297248501331,1,180131.546131133,143099.619921764,950.999243918855,1178.27702767418,2.91575107505687,0,0,180135.327494205,0.906600952148438,8.72984113654093,1329.66787286142,NaN,NaN,NaN
363.517248496413,1,180122.165003782,143261.400528951,957.346260293629,1184.61672500659,2.92110301360406,0,0,180126.017802987,0.997613525390625,8.71381702383951,1329.62151753335,NaN,NaN,NaN
363.737248491496,1,180112.611830244,143424.248405617,963.704718682712,1190.96793794152,2.92647788971073,0,0,180116.53474415,1.06693115234375,8.69779291113809,1329.57457601505,NaN,NaN,NaN
363.957248486578,1,180102.889342782,143588.175179145,970.074829268449,1197.33085187753,2.93187323013545,0,0,180106.881318881,1.10478820800781,8.68176879843668,1329.52706663565,NaN,NaN,NaN
364.177248481661,1,180092.999441206,143753.166372876,976.456861987434,1203.70570548435,2.9372858826859,0,0,180097.059778779,1.11069641113281,8.66574468573526,1329.47900324757,NaN,NaN,NaN
364.397248476744,1,180082.943185777,143919.251530717,982.851067870896,1210.09272161061,2.94271753018402,0,0,180087.071517651,1.09241943359375,8.64972057303385,1329.43039575399,NaN,NaN,NaN
364.617248471826,1,180072.721007848,144086.401525963,989.257627843917,1216.49206373856,2.94817135014649,0,0,180076.917198146,1.0629638671875,8.63369646033243,1329.38125153595,NaN,NaN,NaN
364.837248466909,1,180062.333058588,144254.642668809,995.676613661049,1222.90380079724,2.95364556669719,0,0,180066.597052763,1.0364990234375,8.61767234763101,1329.3315772946,NaN,NaN,NaN
365.057248461992,1,180051.779587813,144423.989763052,1002.10798409204,1229.32790310608,2.95913878515425,0,0,180056.11125974,1.0246337890625,8.6016482349296,1329.28138078183,NaN,NaN,NaN
365.277248457074,1,180041.061252092,144594.402327275,1008.55163343278,1235.76428672929,2.96465454598578,0,0,180045.460287861,1.03379821777344,8.58562412222818,1329.23067199085,NaN,NaN,NaN
365.497248452157,1,180030.179283797,144765.906628694,1015.00742114176,1242.21283694137,2.97019213830724,0,0,180034.64512648,1.06423950195313,8.56960000952677,1329.17946358857,NaN,NaN,NaN
365.717248447239,1,180019.135495471,144938.502865763,1021.47520698383,1248.67343680961,2.9757466130564,0,0,180023.667357518,1.11074829101563,8.55357589682535,1329.12777057289,NaN,NaN,NaN
365.937248442322,1,180007.932136181,145112.202691718,1027.95491917795,1255.14603009879,2.98132287732564,0,0,180012.529069076,1.16471252441406,8.53755178412393,1329.07560934011,NaN,NaN,NaN
366.157248437405,1,179996.571658311,145286.994852455,1034.446545308,1261.6306097253,2.98691887149934,0,0,180001.232652457,1.21676635742188,8.52152767142252,1329.02299650175,NaN,NaN,NaN
366.377248432487,1,179985.056465044,145462.879547261,1040.95016627533,1268.12725207642,2.9925379729121,0,0,179989.780551901,1.25927124023438,8.5055035587211,1328.96994776675,NaN,NaN,NaN
366.59724842757,1,179973.388705164,145639.853942796,1047.46590715917,1274.63607062524,2.99817824415636,0,0,179978.175034324,1.28804321289063,8.48947944601969,1328.91647718168,NaN,NaN,NaN
366.817248422652,1,179961.570162059,145817.947249397,1053.99393081024,1281.15721376048,3.00384073186822,0,0,179966.418037462,1.30296936035156,8.47345533331827,1328.86259686223,NaN,NaN,NaN
367.037248417735,1,179949.602252907,145997.145163338,1060.53437705703,1287.690808733,3.00952342527239,0,0,179954.511123658,1.30751037597656,8.45743145903543,1328.80831722481,NaN,NaN,NaN
367.257248412818,1,179937.486124763,146177.462337443,1067.08735430886,1294.23695651062,3.01522609499345,0,0,179942.455538794,1.30736083984375,8.44140734633402,1328.75364758976,NaN,NaN,NaN
367.4772484079,1,179925.222810473,146358.881539448,1073.65291769129,1300.79571151654,3.02095311465872,0,0,179930.252347594,1.30871276855469,8.4253832336326,1328.69859695355,NaN,NaN,NaN
367.697248402983,1,179912.813396836,146541.405974959,1080.23106565623,1307.36707816744,3.02670078920703,0,0,179917.902600871,1.31662292480469,8.40935912093119,1328.64317471251,NaN,NaN,NaN
367.917248398066,1,179900.259163045,146725.035851572,1086.82175593596,1313.95102475277,3.03246883770326,0,0,179905.407489575,1.33385009765625,8.39333500822977,1328.58739116458,NaN,NaN,NaN
368.137248393148,1,179887.561653623,146909.782847603,1093.42494259591,1320.54751731558,3.03826232100204,0,0,179892.76844667,1.3604248046875,8.37731089552835,1328.53125767779,NaN,NaN,NaN
368.357248388231,1,179874.722678755,147095.673008207,1100.04057512579,1327.15651597196,3.04407592062504,0,0,179879.9871766,1.39406127929688,8.36128678282694,1328.47478654694,NaN,NaN,NaN
368.577248383313,1,179861.744250587,147282.669208445,1106.66863023199,1333.77800439288,3.04991032850679,0,0,179867.065616817,1.43095092773438,8.34526267012552,1328.41799060293,NaN,NaN,NaN
368.797248378396,1,179848.62847718,147470.780279673,1113.30913832101,1340.41201518132,3.05576880408577,0,0,179854.005846206,1.46698608398437,8.32923855742411,1328.36088270717,NaN,NaN,NaN
369.017248373479,1,179835.377450081,147660.0236347,1119.96215414176,1347.05860097198,3.06165113972601,0,0,179840.809972241,1.49883728027344,8.31321444472269,1328.30347528936,NaN,NaN,NaN
369.237248368561,1,179821.993152443,147850.396621537,1126.62777080408,1353.71784967244,3.06755578728987,0,0,179827.480028791,1.52470092773438,8.29719033202127,1328.24578002552,NaN,NaN,NaN
369.457248363644,1,179808.477411261,148041.902254338,1133.30607897511,1360.3898456092,3.07348141010067,0,0,179814.017908659,1.54458923339844,8.28116621931986,1328.18780773607,NaN,NaN,NaN
369.677248358727,1,179794.831897548,148234.535143661,1139.99717529706,1367.07467987046,3.07943110042582,0,0,179800.425344627,1.56000671386719,8.26514210661844,1328.12956848154,NaN,NaN,NaN
369.897248353809,1,179781.05816954,148428.301080275,1146.70113723342,1373.77242677137,3.08540376807493,0,0,179786.703935817,1.573486328125,8.24911799391703,1328.07107181971,NaN,NaN,NaN
370.117248348892,1,179767.157743499,148623.208973734,1153.4180019074,1380.48312334504,3.09139744065945,0,0,179772.855208853,1.587744140625,8.23309388121561,1328.01232713675,NaN,NaN,NaN
370.337248343974,1,179753.132169059,148819.247562224,1160.14780005797,1387.20680295895,3.0974165763924,0,0,179758.880693686,1.60496520996094,8.21706976851419,1327.95334394693,NaN,NaN,NaN
370.557248339057,1,179738.983090095,149016.428554214,1166.89053317206,1393.94347179429,3.10345905132151,0,0,179744.781991263,1.62638854980469,8.20104565581278,1327.89413210725,NaN,NaN,NaN
370.77724833414,1,179724.712278762,149214.766343242,1173.64619455456,1400.69312855436,3.10952357215507,0,0,179730.560819887,1.65199584960938,8.18502154311136,1327.8347018911,NaN,NaN,NaN
370.997248329222,1,179710.321634487,149414.235457919,1180.41478877813,1407.45578264474,3.11561473589292,0,0,179716.219028405,1.68075866699219,8.16899743040995,1327.7750639226,NaN,NaN,NaN
371.217248324305,1,179695.813154591,149614.859103284,1187.19633163441,1414.23145297573,3.12172983947855,0,0,179701.758577595,1.71101379394531,8.15297331770853,1327.71522901148,NaN,NaN,NaN
371.437248319387,1,179681.188887423,149816.640129213,1193.9908552455,1421.02017266074,3.12786859330524,0,0,179687.181499404,1.74094543457031,8.13694920500711,1327.65520794294,NaN,NaN,NaN
371.65724831447,1,179666.450881524,150019.564609186,1200.79841306322,1427.82199413298,3.13403108498271,0,0,179672.489846506,1.76907043457031,8.1209250923057,1327.59501127862,NaN,NaN,NaN
371.877248309553,1,179651.601144276,150223.644264961,1207.61907186138,1434.63698172109,3.14021640108577,0,0,179657.685645949,1.79458312988281,8.10490097960428,1327.53464922123,NaN,NaN,NaN
372.097248304635,1,179636.64161982,150428.893387371,1214.45290279449,1441.46520365555,3.14642649806544,0,0,179642.770868698,1.81749877929688,8.08887686690287,1327.47413156876,NaN,NaN,NaN
372.317248299718,1,179621.574188997,150635.286608023,1221.29998245764,1448.30673391438,3.15266333052444,0,0,179627.747420529,1.83851318359375,8.07285275420145,1327.41346775613,NaN,NaN,NaN
372.537248294801,1,179606.400689989,150842.847157254,1228.16036484173,1455.16162508277,3.15892243936271,0,0,179612.6171545,1.85878601074219,8.05682864150003,1327.35266697323,NaN,NaN,NaN
372.757248289883,1,179591.12295182,151051.577770068,1235.03409902997,1462.02992612648,3.1652065025097,0,0,179597.381900345,1.87953491210938,8.04080452879862,1327.29173830668,NaN,NaN,NaN
372.977248284966,1,179575.742828516,151261.476140528,1241.9212160561,1468.9116693314,3.17151590713933,0,0,179582.043498985,1.90173645019531,8.0247804160972,1327.23069087303,NaN,NaN,NaN
373.197248280048,1,179560.262226971,151472.544961913,1248.82174828853,1475.80688909593,3.1778508313898,0,0,179566.60383387,1.92586975097656,8.00875630339578,1327.16953390603,NaN,NaN,NaN
373.417248275131,1,179544.683120975,151684.781968522,1255.7357179497,1482.71560992574,3.18421164119105,0,0,179551.064850855,1.95191345214844,7.99273219069437,1327.10827678542,NaN,NaN,NaN
373.637248270214,1,179529.00755013,151898.187393706,1262.66315179445,1489.63786050708,3.19059818053224,0,0,179535.428563318,1.97940063476563,7.97670807799295,1327.0469290064,NaN,NaN,NaN
373.857248265296,1,179513.237605856,152112.786894124,1269.60408406286,1496.57367627669,3.19701061907279,0,0,179519.697043172,2.00757446289062,7.96068396529154,1326.98550010707,NaN,NaN,NaN
374.077248260379,1,179497.375409856,152328.557621321,1276.55856016367,1503.52310286117,3.20344922277095,0,0,179503.872401693,2.03565979003906,7.94465985259012,1326.9239995799,NaN,NaN,NaN
374.297248255461,1,179481.423092583,152545.508906848,1283.52662732732,1510.48618692208,3.20991211647556,0,0,179487.956767513,2.06301574707031,7.9286357398887,1326.86243679355,NaN,NaN,NaN
374.517248250544,1,179465.382774748,152763.640988893,1290.50834694911,1517.46298863497,3.21640098899592,0,0,179471.952266687,2.08931579589844,7.91261162718729,1326.80082093307,NaN,NaN,NaN
374.737248245627,1,179449.256557603,152982.981769059,1297.5037794818,1524.4535670604,3.22291622185606,0,0,179455.861008731,2.11454467773437,7.89658751448587,1326.73916098403,NaN,NaN,NaN
374.957248240709,1,179433.046523101,153203.489930659,1304.51299002487,1531.45798603295,3.22945906815951,0,0,179439.685083138,2.13902282714844,7.88056340178446,1326.67746574926,NaN,NaN,NaN
375.177248235792,1,179416.754743264,153425.207147234,1311.53603725117,1538.47630345467,3.23602917216525,0,0,179423.426564829,2.1632568359375,7.86453928908304,1326.61574389919,NaN,NaN,NaN
375.397248230875,1,179400.383295024,153648.092219231,1318.57296722182,1545.50856521506,3.24262487100605,0,0,179407.087527278,2.18778381347656,7.84851517638162,1326.55400403397,NaN,NaN,NaN
375.617248225957,1,179383.934276112,153872.209754416,1325.62382743867,1552.55481917387,3.24924803477084,0,0,179390.670058521,2.2130126953125,7.83249106368021,1326.49225473875,NaN,NaN,NaN
375.83724822104,1,179367.409817036,154097.497828282,1332.68865813819,1559.6151062567,3.25589761772737,0,0,179374.17627472,2.239208984375,7.81646695097879,1326.43050462328,NaN,NaN,NaN
376.057248216122,1,179350.812088652,154324.004974027,1339.76749451431,1566.68946247192,3.26257374475094,0,0,179357.608329988,2.26634216308594,7.80044283827738,1326.36876233539,NaN,NaN,NaN
376.277248211205,1,179334.143300872,154551.717683792,1346.8603840305,1573.77793592738,3.26927931345605,0,0,179340.968418594,2.29420166015625,7.78441872557596,1326.3070365478,NaN,NaN,NaN
376.497248206288,1,179317.405697285,154780.62680719,1353.96737021939,1580.88057048902,3.2760119796841,0,0,179324.258771005,2.32245178222656,7.76839461287454,1326.24533592986,NaN,NaN,NaN
376.71724820137,1,179300.601545326,155010.755587429,1361.08850145845,1587.99741444431,3.28277161046034,0,0,179307.481645886,2.35073547363281,7.75237050017313,1326.18366910816,NaN,NaN,NaN
376.937248196453,1,179283.733125093,155242.090575487,1368.22383678091,1595.12852632455,3.28955999447954,0,0,179290.63931908,2.37875366210938,7.73634638747171,1326.12204462703,NaN,NaN,NaN
377.157248191535,1,179266.802720978,155474.63408615,1375.37343474544,1602.27396392509,3.29637759697769,0,0,179273.734073748,2.40635681152344,7.7203222747703,1326.06047092607,NaN,NaN,NaN
377.377248186618,1,179249.812617573,155708.409376075,1382.53735344893,1609.43378454419,3.30322211578051,0,0,179256.768194491,2.43357238769531,7.70429816206888,1325.99895633536,NaN,NaN,NaN
377.597248181701,1,179232.765101118,155943.405087645,1389.71564835793,1616.60804290375,3.31009344611676,0,0,179239.743966676,2.46053161621094,7.68827404936746,1325.9375090855,NaN,NaN,NaN
377.817248176783,1,179215.662462947,156179.61939473,1396.90838202089,1623.79680097416,3.31699549564141,0,0,179222.663679039,2.48748168945313,7.67224993666605,1325.87613732753,NaN,NaN,NaN
378.037248171866,1,179198.507006717,156417.054524487,1404.11560944528,1631.00011351552,3.32392605286834,0,0,179205.529629543,2.5146484375,7.65622582396463,1325.81484916091,NaN,NaN,NaN
378.257248166949,1,179181.301055984,156655.722201457,1411.33737764024,1638.21802744605,3.33088462548338,0,0,179188.344132954,2.542236328125,7.64020171126322,1325.75365266011,NaN,NaN,NaN
378.477248162031,1,179164.046959528,156895.622605717,1418.57374285625,1645.45059908446,3.33787332369936,0,0,179171.109527467,2.5703125,7.6241775985618,1325.69255588817,NaN,NaN,NaN
378.697248157114,1,179146.747094203,157136.754004667,1425.82474973783,1652.69787318631,3.34489004616737,0,0,179153.82817823,2.59888916015625,7.60815348586038,1325.63156690404,NaN,NaN,NaN
378.917248152196,1,179129.403865212,157379.120424698,1433.0904555713,1659.95990706454,3.35193772628235,0,0,179136.502479054,2.62788696289063,7.59212937315897,1325.57069375776,NaN,NaN,NaN
379.137248147279,1,179112.019702908,157622.729795587,1440.37091495412,1667.23675520096,3.35901660693915,0,0,179119.13485028,2.65715026855469,7.57610526045755,1325.50994447711,NaN,NaN,NaN
379.357248142362,1,179094.597058868,157867.572654157,1447.66618281962,1674.52847226417,3.36612403176051,0,0,179101.727735213,2.68653869628906,7.56008114775614,1325.44932705315,NaN,NaN,NaN
379.577248137444,1,179077.138402082,158113.68567194,1454.97631517529,1681.83511382538,3.37326104873788,0,0,179084.283596023,2.71591186523438,7.54405703505472,1325.38884942743,NaN,NaN,NaN
379.797248132527,1,179059.646214394,158361.019131706,1462.30137292749,1689.15674023497,3.3804283432396,0,0,179066.804909667,2.74520874023438,7.5280329223533,1325.32851947804,NaN,NaN,NaN
380.017248127609,1,179042.122989025,158609.609731137,1469.64141729137,1696.49341212017,3.38762634197253,0,0,179049.294164681,2.77440490722656,7.51200880965189,1325.26834501955,NaN,NaN,NaN
380.237248122692,1,179024.571230165,158859.457651778,1476.9965126036,1703.84519321465,3.39485518712221,0,0,179031.753860823,2.80355834960938,7.49598469695047,1325.20833380269,NaN,NaN,NaN
380.457248117775,1,179006.993454356,159110.538216039,1484.36671794496,1711.21214209455,3.40211540341738,0,0,179014.186509277,2.83279418945313,7.47996058424906,1325.14849352477,NaN,NaN,NaN
380.677248112857,1,178989.392194291,159362.901337451,1491.75209820012,1718.59432327485,3.40940671273099,0,0,178996.594635819,2.86222229003906,7.46393647154764,1325.08883184306,NaN,NaN,NaN
380.89724810794,1,178971.770002818,159616.510745035,1499.15270663672,1725.99178972843,3.41672899500622,0,0,178978.980784663,2.89195556640625,7.44791235884622,1325.02935638883,NaN,NaN,NaN
381.117248103023,1,178954.129456239,159871.401325104,1506.56860188313,1733.40459987453,3.42408266300122,0,0,178961.347522353,2.92202758789063,7.43188824614481,1324.97007477569,NaN,NaN,NaN
381.337248098105,1,178936.473155547,160127.538540341,1513.99984445333,1740.83281400867,3.43146789211714,0,0,178943.697439728,2.95244140625,7.41586413344339,1324.91099460142,NaN,NaN,NaN
381.557248093188,1,178918.80372658,160384.957284775,1521.4464921351,1748.27648972618,3.4388855309565,0,0,178926.033152472,2.98316345214844,7.39984002074198,1324.85212344789,NaN,NaN,NaN
381.77724808827,1,178901.123819023,160643.646162612,1528.90860614255,1755.73568790753,3.44633492662862,0,0,178908.357300705,3.01410522460937,7.38381590804056,1324.79346887419,NaN,NaN,NaN
381.997248083353,1,178883.436103936,160903.618482113,1536.38624854925,1763.2104702313,3.4538176839992,0,0,178890.672546942,3.04520263671875,7.36779179533914,1324.73503840898,NaN,NaN,NaN
382.217248078436,1,178865.743271502,161164.848125177,1543.8794827593,1770.70089963566,3.46133228152474,0,0,178872.98157374,3.07639770507812,7.35176768263773,1324.67683954335,NaN,NaN,NaN
382.437248073518,1,178848.048029387,161427.360002741,1551.38837149147,1778.20703833991,3.46887873911602,0,0,178855.287081693,3.10765075683594,7.33574356993631,1324.61887972734,NaN,NaN,NaN
382.657248068601,1,178830.353102242,161691.167354985,1558.91297900178,1785.7289500597,3.47645769024036,0,0,178837.591788508,3.13894653320313,7.3197194572349,1324.56116636991,NaN,NaN,NaN
382.877248063684,1,178812.661231422,161956.257243281,1566.45337665183,1793.2667056371,3.48407192123817,0,0,178819.898428772,3.17034301757813,7.30369534453348,1324.50370683756,NaN,NaN,NaN
383.097248058766,1,178794.975175738,162222.629838402,1574.00963014713,1800.82037027844,3.49172046712608,0,0,178802.209753922,3.20189208984375,7.28767123183206,1324.44650846144,NaN,NaN,NaN
383.317248053849,1,178777.297714138,162490.296900217,1581.58179984637,1808.39000391505,3.49939984955114,0,0,178784.528534449,3.23364868164062,7.27164711913065,1324.38957854543,NaN,NaN,NaN
383.537248048931,1,178759.631647718,162759.25998081,1589.16994994306,1815.97567037671,3.50711246157753,0,0,178766.857562291,3.26566772460937,7.25562300642923,1324.33292437133,NaN,NaN,NaN
383.757248044014,1,178741.979800889,163029.516467554,1596.77415130422,1823.57744011628,3.51486201962505,0,0,178749.199652234,3.29795227050781,7.23959889372782,1324.27655320171,NaN,NaN,NaN
383.977248039097,1,178724.345021854,163301.069261063,1604.39446886577,1831.19537774189,3.52264618620739,0,0,178731.557642654,3.33054809570312,7.2235747810264,1324.22047228287,NaN,NaN,NaN
384.197248034179,1,178706.730184419,163573.941648411,1612.03096205165,1838.82954233044,3.5304621522363,0,0,178713.934396797,3.36344299316406,7.20755066832498,1324.16468884823,NaN,NaN,NaN
384.417248029262,1,178689.138187416,163848.107974276,1619.68370019783,1846.48000283751,3.53831426075245,0,0,178696.332803342,3.39659729003906,7.19152655562357,1324.10921011542,NaN,NaN,NaN
384.637248024344,1,178671.571953718,164123.582581474,1627.3527508539,1854.1468263841,3.54620126296159,0,0,178678.755775486,3.42994689941406,7.17550244292215,1324.05404328082,NaN,NaN,NaN
384.857248019427,1,178654.034428096,164400.364332908,1635.03818438441,1861.83008284436,3.55412363661014,0,0,178661.20624916,3.46346435546875,7.15947833022074,1323.99919551501,NaN,NaN,NaN
385.07724801451,1,178636.52857699,164678.477803786,1642.74006609929,1869.52983703781,3.56208026616995,0,0,178643.68718195,3.49715270996094,7.14345421751932,1323.94467396235,NaN,NaN,NaN
385.297248009592,1,178619.057388114,164957.887090302,1650.45846922132,1877.24616168458,3.57007383932506,0,0,178626.201552834,3.5310302734375,7.1274301048179,1323.89048574125,NaN,NaN,NaN
385.517248004675,1,178601.623871528,165238.627176486,1658.19346486187,1884.97912742715,3.57810340154605,0,0,178608.752362667,3.5651123046875,7.11140599211649,1323.83663794739,NaN,NaN,NaN
385.737247999758,1,178584.231060205,165520.687736456,1665.94512238788,1892.72880316667,3.58616883549401,0,0,178591.342634956,3.59942016601563,7.09538187941507,1323.78313765602,NaN,NaN,NaN
385.95724799484,1,178566.882011219,165804.092078991,1673.71351255063,1900.49525918745,3.5942709222815,0,0,178573.97541682,3.63399963378906,7.07935776671366,1323.72999192569,NaN,NaN,NaN
386.177247989923,1,178549.579806825,166088.803311707,1681.4987079389,1908.27856767522,3.60241016242943,0,0,178556.653780121,3.66889343261719,7.06333365401224,1323.67720780126,NaN,NaN,NaN
386.397247985005,1,178532.327555941,166374.859634833,1689.30077762443,1916.07879728368,3.61058639281859,0,0,178539.380822703,3.70414123535156,7.04730954131082,1323.62479231936,NaN,NaN,NaN
386.617247980088,1,178515.128395909,166662.247406815,1697.11978912207,1923.89601517751,3.61879844190153,0,0,178522.159670165,3.73974304199219,7.03128542860941,1323.57275251179,NaN,NaN,NaN
386.837247975171,1,178497.98549252,166950.966781622,1704.95581211562,1931.73029061252,3.62704713475343,0,0,178504.993476774,3.77566528320313,7.01526137551264,1323.52109540281,NaN,NaN,NaN
387.057247970253,1,178480.902038771,167241.042117556,1712.80892482357,1939.58170138493,3.63533629049702,0,0,178487.88542443,3.81190185546875,6.99923726281122,1323.46982800685,NaN,NaN,NaN
387.277247965336,1,178463.881255115,167532.449311094,1720.67920109567,1947.45032090074,3.64366268709122,0,0,178470.838722347,3.84847106933594,6.9832131501098,1323.41895732883,NaN,NaN,NaN
387.497247960418,1,178446.926389849,167825.201039614,1728.56670868369,1955.33621646617,3.65202677162612,0,0,178453.856607352,3.88537292480469,6.96718903740839,1323.36849036599,NaN,NaN,NaN
387.717247955501,1,178430.040719721,168119.309000651,1736.47152285581,1963.23946292858,3.66042888499912,0,0,178436.942344469,3.92264404296875,6.95116492470697,1323.31843411031,NaN,NaN,NaN
387.937247950584,1,178413.227551348,168414.772415439,1744.39371361804,1971.16012989577,3.66886853513785,0,0,178420.099228052,3.96027526855469,6.93514081200556,1323.26879555028,NaN,NaN,NaN
388.157247945666,1,178396.49022089,168711.592253285,1752.3333620199,1979.09829797501,3.67734999177966,0,0,178403.330582169,3.99833984375,6.91911675890879,1323.21958167074,NaN,NaN,NaN
388.377247940749,1,178379.832095708,169009.768577723,1760.29053702618,1987.0540357393,3.68586915007803,0,0,178386.639761174,4.03686218261719,6.90309264620737,1323.17079945977,NaN,NaN,NaN
388.597247935832,1,178363.25657623,169309.324724205,1768.26531822007,1995.02742239894,3.69442966515709,0,0,178370.030151884,4.07590637207031,6.88706853350595,1323.12245591189,NaN,NaN,NaN
388.817247930914,1,178346.767097924,169610.225103131,1776.2577752863,2003.01852731688,3.70302923012712,0,0,178353.505175182,4.11552124023437,6.87104442080454,1323.07455803458,NaN,NaN,NaN
389.037247925997,1,178330.367133251,169912.493837434,1784.26797921315,2011.02742116452,3.71166804648587,0,0,178337.06828833,4.15574035644531,6.85502030810312,1323.02711285178,NaN,NaN,NaN
389.257247921079,1,178314.060192878,170216.14194641,1792.29600288918,2019.05417650453,3.72034713370805,0,0,178320.722986163,4.19664001464844,6.83899619540171,1322.98012740803,NaN,NaN,NaN
389.477247916162,1,178297.849827952,170521.1708747,1800.34191754166,2027.09886429412,3.72906701590701,0,0,178304.472803111,4.23827209472656,6.82297208270029,1322.93360877388,NaN,NaN,NaN
389.697247911245,1,178281.739631951,170827.567695705,1808.40580197953,2035.16156308208,3.73782925525238,0,0,178288.321315159,4.28073120117188,6.80694796999887,1322.88756405066,NaN,NaN,NaN
389.917247906327,1,178265.73324384,171135.344783363,1816.4877251574,2043.24234163762,3.74663366817532,0,0,178272.27214229,4.32414245605469,6.79092385729746,1322.8420003811,NaN,NaN,NaN
390.13724790141,1,178249.834352049,171444.514401048,1824.58775159388,2051.34126431917,3.75547750949264,0,0,178256.328952363,4.36863098144531,6.77489974459604,1322.79692495922,NaN,NaN,NaN
390.357247896492,1,178234.046698946,171755.075435959,1832.70595103275,2059.45840080056,3.76436325049903,0,0,178240.495465278,4.41435852050781,6.75887563189463,1322.75234504189,NaN,NaN,NaN
390.577247891575,1,178218.374085929,172067.016869585,1840.84238511695,2067.59381270586,3.77329047298002,0,0,178224.775457746,4.46155395507813,6.74285151919321,1322.7082679643,NaN,NaN,NaN
390.797247886658,1,178202.820380773,172380.349915634,1848.99711959395,2075.74756588997,3.78226204627214,0,0,178209.172769684,4.51054077148437,6.72682740649179,1322.6647011613,NaN,NaN,NaN
391.01724788174,1,178187.389527598,172695.075595168,1857.17020652706,2083.9197127188,3.79127529275839,0,0,178193.691312855,4.56178588867188,6.71080329379038,1322.62165219869,NaN,NaN,NaN
391.237247876823,1,178172.085562035,173011.216756708,1865.36169023587,2092.11029805138,3.80033023110772,0,0,178178.335084046,4.61592102050781,6.69477918108896,1322.57912881633,NaN,NaN,NaN
391.457247871906,1,178156.912630132,173328.761775701,1873.57161033887,2100.31936237421,3.80943060938131,0,0,178163.108182106,4.67393798828125,6.67875506838755,1322.53713898635,NaN,NaN,NaN
391.677247866988,1,178141.875017493,173647.699015099,1881.79998869957,2108.54692896371,3.81857533257811,0,0,178148.014832464,4.7374755859375,6.66273095568613,1322.49569100449,NaN,NaN,NaN
391.897247862071,1,178126.977193286,173968.063555269,1890.04502370678,2116.79119771253,3.82320452158782,0,0,178133.059425389,4.80955810546875,6.64674141367868,1322.45479353085,NaN,NaN,NaN
392.117247857153,1,178112.218120527,174289.681879696,1897.36340429772,2124.10844630229,3.24435410463765,0,0,178118.244761091,4.90218505859375,6.63517441710428,1322.41439605732,NaN,NaN,NaN
392.337247852236,1,178097.547910651,174611.824613922,1900.10431051947,2126.84624873724,1.46724505947087,0,0,178103.545711359,5.07344665527344,6.63294186552957,1322.37419858601,NaN,NaN,NaN
392.557247847319,1,178082.903755261,174934.143369589,1901.22253785384,2127.96068957689,0.502270138126192,0,0,178088.89280236,5.33547668457031,6.63094469269709,1322.3340760628,NaN,NaN,NaN
392.777247842401,1,178068.279394859,175256.650076472,1902.2270534797,2128.96139810434,0.449505078212193,0,0,178074.260399388,5.57254028320313,6.6291579838653,1322.29402451004,NaN,NaN,NaN
392.997247837484,1,178053.673991027,175579.321411844,1903.13008089343,2129.86059214526,0.402291365958802,0,0,178059.647335447,5.68271484375,6.62755944689707,1322.25403910105,NaN,NaN,NaN
393.217247832567,1,178039.086163347,175902.133939151,1903.94270070985,2130.66934397504,0.360043346147729,0,0,178045.052461655,5.63331604003906,6.62612929305033,1322.21411367994,NaN,NaN,NaN
393.437247827649,1,178024.514061776,176225.087981476,1904.67474182228,2131.39747747863,0.322237917817617,0,0,178030.47410038,5.45858154296875,6.62484964093164,1322.17424128306,NaN,NaN,NaN
393.657247822732,1,178009.955658749,176548.148523882,1905.33481056086,2132.05359929975,0.288407680764575,0,0,178015.91026786,5.23265075683594,6.62370469531015,1322.13441500657,NaN,NaN,NaN
393.877247817814,1,177995.40906067,176871.315758788,1905.93043883008,2132.6452461741,0.258134601275029,0,0,178001.358991961,5.03550109863281,6.62268021067575,1322.09462875507,NaN,NaN,NaN
394.097247812897,1,177980.872715046,177194.589888999,1906.46827563403,2133.1790742383,0.23104434664441,0,0,177986.818568988,4.92565307617187,6.62176349123911,1322.05487763058,NaN,NaN,NaN
394.31724780798,1,177966.345475753,177517.959281943,1906.95425457752,2133.66102428972,0.206802216978648,0,0,177972.287686619,4.92811584472656,6.62094321211771,1322.0151579495,NaN,NaN,NaN
394.537247803062,1,177951.82655709,177841.400682142,1907.39370963925,2134.09643612255,0.185108670636296,0,0,177957.76541907,5.03609924316406,6.62020912131266,1321.97546701694,NaN,NaN,NaN
394.757247798145,1,177937.315431552,178164.902561975,1907.79145321815,2134.49012605408,0.165695474318124,0,0,177943.251143056,5.22023010253906,6.61955227812723,1321.93580281021,NaN,NaN,NaN
394.977247793227,1,177922.811718982,178488.488324229,1908.15183343077,2134.8464443346,0.14832266814762,0,0,177928.744427226,5.43994140625,6.61896445712046,1321.89616367931,NaN,NaN,NaN
395.19724778831,1,177908.315095406,178812.134704843,1908.47877738011,2135.16931887662,0.132775703162588,0,0,177914.244931146,5.65340881347656,6.61843850573496,1321.85654812328,NaN,NaN,NaN
395.417247783393,1,177893.825235903,179135.84178992,1908.77582240371,2135.4622871294,0.118862815630747,0,0,177899.752333564,5.81810302734375,6.61796774825052,1321.81695467044,NaN,NaN,NaN
395.637247778475,1,177879.34129906,179459.586073119,1908.97558667384,2135.65793130988,0.0665207846597409,0,0,177885.266162188,5.83268737792969,6.6178481813331,1321.77737658524,NaN,NaN,NaN
395.857247773558,1,177864.859644233,179783.333152947,1909.02138697512,2135.69953493117,0.00552722190842061,0,0,177870.783867319,5.72637634277344,6.6178481813331,1321.73780106036,NaN,NaN,NaN
396.077247768641,1,177850.379032178,180107.117956704,1909.06515876113,2135.73910938897,0.000310962565433169,0,0,177856.302828202,5.61919860839844,6.6178481813331,1321.69822765186,NaN,NaN,NaN
396.297247763723,1,177835.899468238,180430.894028261,1909.10892800444,2135.77868169406,0.000311005443977517,0,0,177841.822835027,5.51201782226562,6.6178481813331,1321.65865637437,NaN,NaN,NaN
396.517247758806,1,177821.420957791,180754.696375126,1909.15269476141,2135.81825190579,0.000311034830381344,0,0,177827.343893137,5.404833984375,6.6178481813331,1321.61908724275,NaN,NaN,NaN
396.737247753888,1,177806.943506146,181078.513387799,1909.19645886869,2135.85781985993,0.000311019886495436,0,0,177812.866007892,5.29762878417969,6.6178481813331,1321.5795202715,NaN,NaN,NaN
